First Name;Last Name;Gender
Ralph;Mccann;Male
Aarav;Mitchell;Male
Giovanni;Novak;Male
Jay;Leach;Male
Gavyn;Underwood;Male
Devyn;Hunt;Male
Marcus;Gallagher;Male
Adrien;Stark;Male
Kendrick;Joyce;Male
Zackary;Snow;Male
Quinton;Simpson;Male
Aryan;Skinner;Male
Alberto;Fry;Male
Lincoln;Lambert;Male
Randall;Rhodes;Male
Gregory;Farrell;Male
Nikolai;Hansen;Male
Omar;Cervantes;Male
Josiah;Compton;Male
Keith;Morrison;Male
Rey;Prince;Male
Jaeden;Mendez;Male
Rowan;Waters;Male
Ivan;Hodge;Male
Rodolfo;Rush;Male
Noe;Murphy;Male
Darren;Klein;Male
Moshe;Moss;Male
Arthur;Marshall;Male
Jovanni;Camacho;Male
Izaiah;Rivera;Male
Felipe;Kaiser;Male
Clayton;Cain;Male
Gilbert;Goodman;Male
Beckett;Irwin;Male
Tristan;Hobbs;Male
Cole;Parker;Male
Kamren;Bennett;Male
Jaden;Colon;Male
Shamar;Tran;Male
Connor;George;Male
Harold;Koch;Male
Marlon;Ibarra;Male
Myles;Newton;Male
Julien;Beard;Male
Jasiah;Herman;Male
Juan;Gentry;Male
Nasir;Washington;Male
Aidan;Blanchard;Male
Ahmad;Harrington;Male
Hunter;Joseph;Male
Raiden;Griffin;Male
Victor;Holmes;Male
Nelson;Townsend;Male
Axel;Robles;Male
Jessie;Morris;Male
Colt;Mullen;Male
Drew;Singleton;Male
Mohamed;Delgado;Male
Eugene;Solis;Male
Zachary;Haley;Male
Brett;Quinn;Male
Sidney;Richards;Male
Kolton;Robertson;Male
Turner;Navarro;Male
Bruno;Johnston;Male
Ace;Delacruz;Male
Daniel;Sloan;Male
Desmond;Meza;Male
Alessandro;Farley;Male
Damari;Everett;Male
Joel;Gonzalez;Male
Conrad;Avery;Male
Cassius;Lane;Male
Tyree;Sparks;Male
Fletcher;Ho;Male
Walker;Cardenas;Male
Jacob;Owens;Male
Liam;Dickson;Male
Braylon;Frye;Male
Asher;Cisneros;Male
Marquise;Chandler;Male
Ramiro;Drake;Male
Holden;Huang;Male
Titus;Woods;Male
Tyler;Heath;Male
Immanuel;Gill;Male
Chaz;Beasley;Male
Austin;Becker;Male
Camden;Erickson;Male
Seamus;Madden;Male
Andrew;Ballard;Male
Emerson;Ellison;Male
Ethan;Mcbride;Male
Ronald;Mora;Male
Ryder;Pittman;Male
Zaiden;Barry;Male
Patrick;Braun;Male
Mateo;Herrera;Male
Wilson;Richard;Male
